Name,Status,Priority,Task,Description
Schedule order,Launched,Week 1,,
Product subscription cancellation,Launched,Week 2,[SUB-2625: Trigger: Subscription item removed clicked](https://linear.app/juo/issue/SUB-2625/trigger-subscription-item-removed-clicked),
Payment failed,Launched,Week 3,,
Chargeback Initiated,Todo,Week 3,,
Renew now clicked,Todo,,,
Subscription Renewed,Todo,,,
Subscription Cycle Entered,Todo,,,
Subscription Created,Todo,,,
Subscription Reactivated,Todo,,,
Custom Action via Bulk Action ?,Todo,,,
Customer portal entered,Launched,,,
Skip clicked,Launched,,,
Pause clicked,Launched,,,
Cancellation clicked,Launched,,,